{
    "generation": 1,
    "spectral_ratio": 119.56090991087211,
    "bulk_width_iqr": 16.781491558456054,
    "top_eigenvalues": [
        -2006.410400390625,
        -1239.6500244140625,
        -457.5655822753906
    ],
    "plot_x": [
        -2008.279296875,
        -1240.1629638671875,
        -458.9392395019531,
        -318.0758361816406,
        -282.2802429199219,
        -236.90745544433594,
        -174.99789428710938,
        -121.89817810058594,
        -81.26516723632812,
        -33.56270217895508,
        -1.8744378394330852e-05,
        13.69657039642334,
        65.82453155517578,
        112.08080291748047,
        191.29595947265625,
        222.18475341796875,
        271.9437561035156,
        323.0862731933594,
        354.9944763183594,
        381.6138610839844
    ],
    "plot_y": [
        5.205251780871875e-10,
        1.4581143058046867e-10,
        5.64165598004616e-11,
        4.366937897169063e-09,
        1.2915874758341524e-09,
        9.3681772263843e-09,
        4.217207462999561e-09,
        2.8274233247032322e-08,
        1.1881980699174669e-07,
        9.945970373123797e-07,
        0.9999910710459085,
        7.585409188044303e-06,
        1.4557174522357456e-07,
        1.1767879627300275e-08,
        4.828718239245487e-09,
        4.809686798202626e-09,
        2.089458381586835e-09,
        4.049489641407353e-09,
        3.0109964616507837e-09,
        5.759188506671834e-09
    ]
}