{
    "generation": 4,
    "spectral_ratio": 28777.837885967245,
    "bulk_width_iqr": 0.008704308552035708,
    "top_eigenvalues": [
        250.49118041992188,
        162.99964904785156,
        96.73067474365234
    ],
    "plot_x": [
        -8.982314109802246,
        -6.84230899810791,
        -3.7336199283599854,
        -0.015333308838307858,
        0.0009985389187932014,
        3.022768020629883,
        7.026229381561279,
        11.856348991394043,
        17.747167587280273,
        21.872512817382812,
        25.662370681762695,
        33.688446044921875,
        35.5749626159668,
        42.653282165527344,
        46.311649322509766,
        58.74164581298828,
        84.14501190185547,
        97.07135009765625,
        163.04776000976562,
        250.79339599609375
    ],
    "plot_y": [
        1.7117600074023898e-09,
        4.144232017766827e-09,
        8.453704317127359e-08,
        0.06184900766366798,
        0.938147335854809,
        2.715589092361503e-06,
        4.3470372052248125e-07,
        1.5017276670486263e-07,
        4.070542334191752e-08,
        3.9687574329075074e-08,
        2.4065557165701465e-08,
        5.276400262213025e-08,
        2.2748007859816154e-09,
        1.2166512508372898e-08,
        1.4073105794898342e-08,
        1.7845402405983185e-09,
        2.3698739443559393e-08,
        4.003591616197744e-09,
        2.4468614347162768e-08,
        2.593044603057272e-08
    ]
}