{
    "generation": 2,
    "spectral_ratio": 198.3522906273921,
    "bulk_width_iqr": 1.4507639851747753,
    "top_eigenvalues": [
        287.7623596191406,
        172.42312622070312,
        100.05194854736328
    ],
    "plot_x": [
        -10.827211380004883,
        -6.304283142089844,
        -2.9009249210357666,
        -4.848860771744512e-05,
        0.2847561836242676,
        3.7258121967315674,
        8.347005844116211,
        13.054838180541992,
        17.77649688720703,
        23.535831451416016,
        28.074970245361328,
        35.78330993652344,
        41.32613754272461,
        46.2407112121582,
        47.198341369628906,
        60.52764129638672,
        85.37451171875,
        100.32132720947266,
        172.46615600585938,
        287.8412170410156
    ],
    "plot_y": [
        1.1605856197368737e-08,
        1.540010591510414e-09,
        1.2925129337657592e-07,
        0.9997754500634977,
        0.00022193328155523483,
        1.7064882088633647e-06,
        3.3944433067995624e-07,
        1.9492874916282086e-07,
        7.447352547054719e-08,
        1.2224788713233647e-07,
        1.1641372668979962e-08,
        1.380240537110491e-09,
        7.60996537135497e-09,
        2.642921579833175e-09,
        9.042603095777469e-09,
        1.2053152752928367e-09,
        5.687283960679216e-10,
        1.6079020344069218e-11,
        2.4405332916072525e-09,
        1.2732630481188974e-10
    ]
}