{
    "generation": 0,
    "spectral_ratio": 160.9697731748159,
    "bulk_width_iqr": 473.57367393573816,
    "top_eigenvalues": [
        76231.046875,
        25637.1328125,
        22394.306640625
    ],
    "plot_x": [
        -9956.7294921875,
        -8377.84765625,
        -7265.70556640625,
        -5531.13525390625,
        -4137.82373046875,
        -2575.669921875,
        -947.1464233398438,
        -0.00022117586922831833,
        1556.465576171875,
        3388.08837890625,
        5441.8232421875,
        7153.5751953125,
        8889.974609375,
        10625.826171875,
        11791.1376953125,
        14090.9716796875,
        19149.162109375,
        22386.34765625,
        25703.224609375,
        76240.6953125
    ],
    "plot_y": [
        2.927369684138399e-10,
        4.0292728446150205e-09,
        3.4828789241018505e-10,
        3.563784094133388e-09,
        2.4961625217341244e-08,
        9.574411850759364e-08,
        4.819304337633036e-07,
        0.9999987903598057,
        3.5250183664085126e-07,
        1.3321029023692028e-07,
        5.4885432124200524e-08,
        3.3098167181307045e-08,
        1.500603703833011e-08,
        7.682192524983979e-09,
        1.0987360828209988e-09,
        9.574033238346814e-12,
        1.4354281400316597e-10,
        2.349246589338926e-10,
        4.297518931913618e-10,
        4.694498596305345e-10
    ]
}