{
    "generation": 5,
    "spectral_ratio": 658.7272021547024,
    "bulk_width_iqr": 0.41451212906634527,
    "top_eigenvalues": [
        273.0504150390625,
        236.76687622070312,
        172.40579223632812
    ],
    "plot_x": [
        -24.459959030151367,
        -16.55867576599121,
        -13.452414512634277,
        -10.452457427978516,
        -6.282833099365234,
        -0.8288173079490662,
        0.00011266108776908368,
        3.311232328414917,
        9.701019287109375,
        16.056625366210938,
        24.01032257080078,
        29.701278686523438,
        37.82172393798828,
        46.906005859375,
        55.89775085449219,
        63.397010803222656,
        74.4942398071289,
        83.97560119628906,
        93.77465057373047,
        97.95829010009766,
        105.12446594238281,
        109.06242370605469,
        122.13062286376953,
        122.62644958496094,
        131.0419921875,
        133.59397888183594,
        138.27813720703125,
        172.6666259765625,
        236.33924865722656,
        274.05047607421875
    ],
    "plot_y": [
        6.944966213036649e-10,
        3.5999199137973913e-09,
        2.1038525703818468e-08,
        5.446457578612774e-08,
        2.4991981663707256e-07,
        0.00010520233930530357,
        0.999886264973636,
        6.623065651553524e-06,
        7.240083643671317e-07,
        3.033585004173961e-07,
        1.8919993324153634e-07,
        9.698538589127438e-08,
        3.4979164667396024e-08,
        2.121282534642075e-08,
        1.7616819189859894e-08,
        3.1974088336018566e-08,
        3.5233351942250415e-09,
        3.8541473343064056e-08,
        5.844024703678057e-09,
        1.4058362543043523e-08,
        1.6503878615069257e-08,
        7.682766295528632e-09,
        2.4213974153799577e-08,
        2.190267868311918e-08,
        8.826342800958068e-09,
        2.4836493368919043e-10,
        1.5902321071593998e-09,
        1.4409037056611451e-09,
        7.165334548629427e-09,
        9.02731976396353e-09
    ]
}