{
    "generation": 2,
    "spectral_ratio": 1099.6664539093754,
    "bulk_width_iqr": 0.14838007814122012,
    "top_eigenvalues": [
        163.16859436035156,
        147.21214294433594,
        105.68453979492188
    ],
    "plot_x": [
        -15.942756652832031,
        -12.048724174499512,
        -10.604734420776367,
        -6.741397857666016,
        -3.9395360946655273,
        -0.2964893579483032,
        0.00014460495731327683,
        2.946265459060669,
        7.2342047691345215,
        11.991262435913086,
        17.659997940063477,
        22.2058162689209,
        27.399028778076172,
        34.06361389160156,
        39.208152770996094,
        46.829246520996094,
        49.28577423095703,
        56.9910774230957,
        60.09772491455078,
        64.26678466796875,
        79.91851806640625,
        82.54515838623047,
        88.51144409179688,
        90.29972839355469,
        98.01013946533203,
        101.3096694946289,
        106.2789306640625,
        109.00236511230469,
        147.20774841308594,
        163.61624145507812
    ],
    "plot_y": [
        7.147989720561665e-09,
        8.067410164431445e-11,
        9.53547695228355e-09,
        6.136567716042894e-08,
        4.3198094215280846e-07,
        0.0004186828289115616,
        0.9995747630733026,
        3.990010205297907e-06,
        9.242134450187863e-07,
        2.802040026231241e-07,
        2.2348577086798786e-07,
        1.7908115557290542e-07,
        1.1280757654415014e-07,
        4.8805818640285064e-08,
        5.4461456367928104e-08,
        5.316949468274019e-08,
        2.9603686153591952e-08,
        2.952326162306593e-08,
        1.2489182632876315e-08,
        9.475441439126441e-09,
        3.0441360707664327e-08,
        1.4569892691147574e-08,
        3.116772800014658e-10,
        7.923676434904182e-10,
        1.628472487030286e-08,
        5.117490370913596e-10,
        3.059675280222768e-08,
        9.714043168816552e-10,
        7.103718842023794e-11,
        2.1055615046572427e-09
    ]
}