{
    "generation": 5,
    "spectral_ratio": 756.8701096378619,
    "bulk_width_iqr": 0.7577933652781761,
    "top_eigenvalues": [
        573.5511474609375,
        198.40060424804688,
        22.649755477905273
    ],
    "plot_x": [
        -142.16555786132812,
        -47.4514274597168,
        -41.528785705566406,
        -36.76012420654297,
        -31.5969181060791,
        -26.503646850585938,
        -21.835466384887695,
        -17.163652420043945,
        -13.248129844665527,
        -7.244080543518066,
        -1.5155365467071533,
        -2.0746334485011175e-05,
        3.4039642810821533,
        9.323410987854004,
        15.453377723693848,
        23.618450164794922,
        29.19388198852539,
        34.96376037597656,
        40.47662353515625,
        46.454566955566406,
        50.069358825683594,
        52.81498718261719,
        54.98179244995117,
        73.66099548339844,
        77.7634506225586,
        115.31568145751953,
        117.6348648071289,
        141.92698669433594,
        198.6682891845703,
        574.158203125
    ],
    "plot_y": [
        7.569117243827158e-09,
        4.2667311120793364e-09,
        3.02335890564936e-09,
        1.5388874867324918e-08,
        3.0121130133358823e-09,
        1.542815899606108e-08,
        1.0958781554106573e-08,
        4.364218900826216e-08,
        1.291345535024331e-07,
        5.444058118300889e-07,
        3.783142989957273e-05,
        0.999953199521839,
        7.147731090673421e-06,
        5.400587116789183e-07,
        1.287756299701738e-07,
        6.680947946109519e-08,
        4.807361991808635e-08,
        3.905424330834331e-08,
        7.95130039090316e-09,
        4.2367603327782734e-08,
        7.32977076251024e-08,
        1.5269635146522578e-08,
        1.0108636548534416e-09,
        8.407819625579732e-09,
        1.2606939603511852e-10,
        1.886080270113153e-09,
        5.856502869799214e-09,
        6.2760082484383e-08,
        2.354388740213181e-10,
        2.5466926772086736e-09
    ]
}