{
    "generation": 1,
    "spectral_ratio": 26728.55905961731,
    "bulk_width_iqr": 0.008877210295684708,
    "top_eigenvalues": [
        237.27503967285156,
        151.78118896484375,
        87.59395599365234
    ],
    "plot_x": [
        -9.400586128234863,
        -6.719202041625977,
        -3.5947935581207275,
        -0.015732301399111748,
        0.000979945994913578,
        3.0763049125671387,
        7.182285308837891,
        12.458372116088867,
        17.55274772644043,
        22.506256103515625,
        27.246768951416016,
        33.47804260253906,
        35.910186767578125,
        41.52598571777344,
        46.35059356689453,
        59.83986282348633,
        80.6948013305664,
        88.13462829589844,
        151.86483764648438,
        237.59136962890625
    ],
    "plot_y": [
        2.037314489157571e-09,
        3.7758544219425706e-09,
        1.4668025724032865e-07,
        0.05869594673147058,
        0.9413006359750934,
        2.526663945045525e-06,
        3.906830478536821e-07,
        1.2231850934673796e-07,
        8.359001751499541e-08,
        3.45989678587012e-08,
        7.172932714142973e-08,
        6.621438678105538e-09,
        9.178584515699017e-09,
        2.7553680917536264e-09,
        4.989144249966282e-09,
        7.585057154612734e-09,
        1.361004450440489e-09,
        1.7449655466156015e-09,
        9.508643964677107e-12,
        9.711238892236494e-10
    ]
}