{
    "generation": 4,
    "spectral_ratio": 215.22337862462828,
    "bulk_width_iqr": 5.8716271153111705,
    "top_eigenvalues": [
        -1263.71142578125,
        -520.05517578125,
        -424.8583679199219
    ],
    "plot_x": [
        -1264.43408203125,
        -521.2631225585938,
        -425.26092529296875,
        -335.3743896484375,
        -244.14158630371094,
        -176.3719482421875,
        -141.3693084716797,
        -116.06419372558594,
        -81.95375061035156,
        -49.33219909667969,
        -11.742948532104492,
        0.00016928999684751034,
        17.48287010192871,
        51.74945068359375,
        89.81058502197266,
        118.68943786621094,
        152.37171936035156,
        183.24319458007812,
        202.32156372070312,
        262.1188049316406
    ],
    "plot_y": [
        2.6439531146348153e-11,
        7.764403353112485e-12,
        5.925608732026949e-10,
        2.3206147439475966e-09,
        1.981339890897633e-09,
        4.88351169833988e-09,
        9.586642119185265e-10,
        2.5747095061164834e-08,
        9.227470247442987e-08,
        3.9567180258644836e-07,
        7.942377652995972e-06,
        0.9999883840953857,
        2.9920983880631944e-06,
        1.221461839762326e-07,
        1.9377921003988795e-08,
        9.370711942163693e-09,
        5.695615914127298e-09,
        8.719290454210672e-11,
        2.6922502133413087e-10,
        1.7226896404939968e-11
    ]
}