{
    "generation": 1,
    "spectral_ratio": 591.2957728863834,
    "bulk_width_iqr": 0.8830909887974692,
    "top_eigenvalues": [
        522.16796875,
        230.8134307861328,
        149.8638458251953
    ],
    "plot_x": [
        -35.029605865478516,
        -25.894737243652344,
        -17.896129608154297,
        -17.694778442382812,
        -16.422637939453125,
        -11.048532485961914,
        -8.019468307495117,
        -5.572213649749756,
        -1.766126275062561,
        -1.3559462104240083e-06,
        1.201871633529663,
        4.793632507324219,
        8.876949310302734,
        12.448984146118164,
        15.944063186645508,
        21.962160110473633,
        25.38492774963379,
        28.35765838623047,
        29.888626098632812,
        35.8529052734375,
        37.55080795288086,
        41.73344039916992,
        43.44198226928711,
        64.36737060546875,
        72.92189025878906,
        99.01937103271484,
        107.29632568359375,
        150.07577514648438,
        231.06173706054688,
        522.3231201171875
    ],
    "plot_y": [
        1.4415517054422501e-10,
        3.6262584150142613e-09,
        1.2720900587905004e-09,
        3.381501118771712e-09,
        2.4830279304760953e-09,
        7.771478530407372e-09,
        7.727437675827258e-08,
        2.0310929884395003e-07,
        5.489895809663477e-06,
        0.9999676938847121,
        2.4222549486152237e-05,
        1.4454639630473589e-06,
        3.9609885030367155e-07,
        1.865596804826549e-07,
        4.7905574217350284e-08,
        1.3366945061820101e-08,
        1.7999301228174855e-08,
        6.169751970758954e-08,
        2.2497629510671222e-08,
        2.5217924729672423e-09,
        1.2752165796806415e-08,
        2.1950174605907285e-09,
        1.267994091271213e-08,
        1.6970325335746995e-09,
        7.64471949786638e-09,
        1.7756901379220816e-08,
        7.082866334462872e-09,
        4.38836497941871e-10,
        2.1550831872607487e-09,
        3.609398570178926e-08
    ]
}