{
    "generation": 4,
    "spectral_ratio": 417.71589225073626,
    "bulk_width_iqr": 0.5832844908659481,
    "top_eigenvalues": [
        243.64720153808594,
        225.1672821044922,
        158.93817138671875
    ],
    "plot_x": [
        -22.488988876342773,
        -17.751550674438477,
        -12.539618492126465,
        -10.361120223999023,
        -6.2299652099609375,
        -1.166490077972412,
        2.0033401597174816e-05,
        2.4487972259521484,
        7.88129997253418,
        13.654025077819824,
        20.364521026611328,
        28.677112579345703,
        35.128746032714844,
        42.33326721191406,
        49.316001892089844,
        56.45556640625,
        64.74939727783203,
        75.53128814697266,
        80.42395782470703,
        83.49966430664062,
        90.76258087158203,
        96.27281188964844,
        110.49819946289062,
        113.74842834472656,
        119.71497344970703,
        125.19467163085938,
        128.2384033203125,
        159.158447265625,
        224.3672332763672,
        245.07379150390625
    ],
    "plot_y": [
        8.887094986013783e-09,
        2.8757151828445565e-11,
        7.13910240101395e-08,
        1.7152463400250185e-08,
        1.5001274291815436e-07,
        3.687096030785643e-05,
        0.9999495354678474,
        1.1421258034810856e-05,
        9.755116982845977e-07,
        2.831629735643641e-07,
        1.268638042621933e-07,
        1.4345866933877893e-07,
        6.699387361816917e-08,
        5.665765626174058e-08,
        5.7380864307339664e-08,
        7.76620955680656e-08,
        2.5156495125801118e-08,
        8.330556259036275e-09,
        4.13438746660417e-08,
        4.4195320405163434e-09,
        2.071148435907929e-08,
        7.406687423893398e-10,
        4.26022394347255e-09,
        3.3708453867654185e-12,
        6.598686108204553e-10,
        5.601373946465302e-12,
        6.517660046285904e-09,
        2.417423083782059e-12,
        1.1043424870328384e-08,
        1.3954914125657027e-08
    ]
}