{
    "generation": 2,
    "spectral_ratio": 173.06226361550574,
    "bulk_width_iqr": 1.527679116369442,
    "top_eigenvalues": [
        264.38360595703125,
        147.47276306152344,
        89.20985412597656
    ],
    "plot_x": [
        -9.681402206420898,
        -7.534191608428955,
        -3.054081916809082,
        -7.66366720199585e-05,
        0.19652731716632843,
        3.3717923164367676,
        7.435247898101807,
        11.901541709899902,
        16.08340835571289,
        23.30983543395996,
        27.156490325927734,
        32.7789306640625,
        38.31391143798828,
        39.946250915527344,
        46.18925476074219,
        58.33585739135742,
        80.93219757080078,
        89.60731506347656,
        147.62147521972656,
        264.67401123046875
    ],
    "plot_y": [
        5.6711819209572e-09,
        1.946356177595464e-08,
        1.5134655714213577e-07,
        0.9995571869159808,
        0.00043960316245238276,
        2.1114244675411204e-06,
        4.4432490270973663e-07,
        2.7765148233805633e-07,
        9.972440673016238e-08,
        3.204944215447299e-08,
        1.2368701191286614e-08,
        9.885140896078551e-09,
        3.239000310442501e-09,
        7.876591794216445e-09,
        8.240877213591841e-10,
        1.97804958450978e-08,
        1.3655664201274647e-10,
        1.0977631807523057e-10,
        1.0191828937854417e-08,
        3.8533846986551805e-09
    ]
}