{
    "generation": 5,
    "spectral_ratio": 217.77169183044126,
    "bulk_width_iqr": 1.208131321139121,
    "top_eigenvalues": [
        263.0968017578125,
        142.9254150390625,
        96.09481811523438
    ],
    "plot_x": [
        -7.803586006164551,
        -4.750908851623535,
        -2.4161508083343506,
        -1.1159217137901578e-05,
        0.6426183581352234,
        4.159854888916016,
        8.202581405639648,
        13.727250099182129,
        17.932952880859375,
        24.472158432006836,
        29.164600372314453,
        36.38149642944336,
        39.91142654418945,
        46.06279373168945,
        50.25209045410156,
        58.23735809326172,
        83.78013610839844,
        96.404052734375,
        143.03233337402344,
        263.4331970214844
    ],
    "plot_y": [
        6.057589597927302e-10,
        4.565974099754342e-08,
        4.848577656288545e-07,
        0.9999490977682324,
        4.853990173591619e-05,
        1.2424249353349855e-06,
        3.3804279324643354e-07,
        1.1925511957950963e-07,
        4.000039177674832e-08,
        4.1615729166875195e-08,
        1.4650683305378424e-08,
        4.260832196006145e-09,
        3.892114651023729e-09,
        2.770086046974145e-09,
        4.365588967331934e-10,
        1.947202454085055e-08,
        6.064955373463284e-10,
        2.8070078503323102e-09,
        3.490531891565829e-10,
        6.229408288836404e-10
    ]
}