{
    "generation": 3,
    "spectral_ratio": 171.15618913095926,
    "bulk_width_iqr": 1.1442449465986768,
    "top_eigenvalues": [
        180.92129516601562,
        195.8446044921875,
        131.57603454589844
    ],
    "plot_x": [
        -19.597768783569336,
        -10.810575485229492,
        -8.717185020446777,
        -6.085373878479004,
        -2.2882134914398193,
        -5.988864359096624e-05,
        0.6195293068885803,
        4.960677623748779,
        9.780055046081543,
        15.10456657409668,
        20.801467895507812,
        26.899715423583984,
        33.97603225708008,
        40.00261688232422,
        47.08921813964844,
        52.95655822753906,
        60.23569107055664,
        65.5847396850586,
        74.0965805053711,
        78.27616119384766,
        88.24383544921875,
        91.39574432373047,
        94.85708618164062,
        103.947509765625,
        109.96937561035156,
        111.66519927978516,
        120.91451263427734,
        132.1916961669922,
        181.03384399414062,
        196.25413513183594
    ],
    "plot_y": [
        2.8231132941006596e-10,
        2.3465120169558024e-09,
        2.2302419386085374e-08,
        9.5567344927442e-08,
        2.5990115726714177e-06,
        0.9998530513933558,
        0.00014088700856139922,
        1.8331900844621741e-06,
        5.667980390350288e-07,
        2.8692433521724355e-07,
        1.5507257982699258e-07,
        1.2985562737192382e-07,
        5.560784699103033e-08,
        7.873523859618758e-08,
        3.574433750342044e-08,
        3.3779906801470183e-08,
        9.037156431216576e-09,
        9.786565083111927e-09,
        5.171054168311599e-09,
        5.6155613353088004e-09,
        3.540196243289364e-08,
        3.2050470382387985e-08,
        1.86794697701927e-09,
        1.1719003149314775e-09,
        5.453791601384851e-09,
        1.1490567621008055e-08,
        1.181515513955436e-09,
        5.025606935836767e-09,
        2.7734448392353532e-08,
        1.5391379457869275e-08
    ]
}