{
    "generation": 5,
    "spectral_ratio": 501.5038081338497,
    "bulk_width_iqr": 0.8285398084748445,
    "top_eigenvalues": [
        415.515869140625,
        216.50942993164062,
        132.06259155273438
    ],
    "plot_x": [
        -7.753460884094238,
        -6.276701927185059,
        -1.6570756435394287,
        -2.4469038180541247e-05,
        1.3179765939712524,
        5.413523197174072,
        10.11526107788086,
        14.711930274963379,
        21.73931312561035,
        26.69044303894043,
        31.438270568847656,
        37.775943756103516,
        46.57205581665039,
        58.9638557434082,
        63.772186279296875,
        72.28207397460938,
        86.81424713134766,
        132.1790771484375,
        216.6212158203125,
        416.00311279296875
    ],
    "plot_y": [
        3.6595702095157957e-09,
        2.174124173794566e-08,
        1.586858278077014e-06,
        0.9999828357985037,
        1.4053874137898156e-05,
        9.596743684988362e-07,
        3.290496130835135e-07,
        1.3515393985720087e-07,
        2.4603393148257422e-08,
        1.4787405995019574e-08,
        6.233083838925198e-09,
        8.253834076648826e-09,
        1.0023252386393657e-10,
        5.180755834372223e-09,
        8.51685390529757e-10,
        7.20319014164959e-11,
        5.329898310807832e-09,
        3.1880471657696623e-09,
        1.8140872172931181e-09,
        3.775891606700072e-09
    ]
}