{
    "generation": 4,
    "spectral_ratio": 273.0851138875404,
    "bulk_width_iqr": 1.1031747037067423,
    "top_eigenvalues": [
        301.2605895996094,
        174.01039123535156,
        107.7295913696289
    ],
    "plot_x": [
        -8.903090476989746,
        -6.448145866394043,
        -2.2062366008758545,
        8.754777809372172e-06,
        0.6701655387878418,
        3.952873706817627,
        8.74313735961914,
        13.43175220489502,
        20.735422134399414,
        24.220829010009766,
        31.56678581237793,
        35.06246566772461,
        37.96369171142578,
        46.626731872558594,
        56.70133590698242,
        60.358673095703125,
        85.31206512451172,
        107.97232818603516,
        174.09829711914062,
        301.62939453125
    ],
    "plot_y": [
        1.134307700821766e-09,
        2.0841413125663866e-08,
        5.251823399583976e-07,
        0.9999528398541631,
        4.4709208211692674e-05,
        1.2980555690787736e-06,
        2.980870445457311e-07,
        8.38107364931366e-08,
        2.9784046844133023e-08,
        6.319439489497083e-08,
        8.841231271731366e-09,
        2.5072713078433583e-08,
        2.2308005375237053e-08,
        1.465973105918994e-10,
        1.4193480832288571e-08,
        6.23068292768999e-09,
        1.7268480786336214e-08,
        2.8255351380195165e-08,
        8.309167964544012e-09,
        2.2206168498209424e-10
    ]
}