{
    "generation": 0,
    "spectral_ratio": 456.9273187687282,
    "bulk_width_iqr": 3.223016049904083,
    "top_eigenvalues": [
        1472.68408203125,
        1246.6885986328125,
        995.2557983398438
    ],
    "plot_x": [
        -18.00202751159668,
        -6.445917129516602,
        -6.41487495158799e-05,
        4.242730617523193,
        17.07061767578125,
        33.77153396606445,
        53.609012603759766,
        79.5954818725586,
        103.05729675292969,
        133.09410095214844,
        162.0818634033203,
        191.08392333984375,
        234.13218688964844,
        257.140869140625,
        291.1408386230469,
        337.1743469238281,
        364.27117919921875,
        393.77056884765625,
        431.1466979980469,
        450.2997131347656,
        481.7571716308594,
        537.8803100585938,
        672.9613037109375,
        799.6396484375,
        849.3672485351562,
        857.0918579101562,
        878.2796020507812,
        998.0921020507812,
        1247.455322265625,
        1477.1468505859375
    ],
    "plot_y": [
        2.0599373729630387e-08,
        8.225933984924086e-07,
        0.9999722125117738,
        2.126457815267257e-05,
        3.0170973019624646e-06,
        8.655854347896555e-07,
        5.881227960617901e-07,
        2.7088932347490855e-07,
        3.069071563601737e-07,
        1.281604059378935e-07,
        1.4207301562351652e-07,
        1.2730469943326099e-07,
        2.4932905806053e-08,
        2.995927735525614e-08,
        1.3276298320962694e-08,
        5.739551193309952e-09,
        4.9591840579924476e-08,
        2.7695504482746943e-08,
        1.1671480918959124e-08,
        1.9907246853404905e-10,
        7.106892476552051e-10,
        4.8619493171419e-09,
        1.498462046973187e-09,
        6.200008138876751e-09,
        8.992040600456384e-09,
        1.651792974835e-08,
        7.1192211685593274e-09,
        1.0893989172081063e-08,
        1.334758351159398e-08,
        3.69363685679691e-10
    ]
}