{
    "blocks": {
        "0": {
            "attn_relative_drift": 0.002785188690866201,
            "mlp_relative_drift": 0.002015988729838272
        },
        "1": {
            "attn_relative_drift": 0.002059474529921235,
            "mlp_relative_drift": 0.0021943218252812734
        },
        "2": {
            "attn_relative_drift": 0.0022687681313586536,
            "mlp_relative_drift": 0.002193641297315382
        },
        "3": {
            "attn_relative_drift": 0.002943049920077921,
            "mlp_relative_drift": 0.0022569968984450144
        },
        "4": {
            "attn_relative_drift": 0.0027784847631986903,
            "mlp_relative_drift": 0.0023874256571661838
        },
        "5": {
            "attn_relative_drift": 0.0035558893393099426,
            "mlp_relative_drift": 0.002983932909839619
        },
        "6": {
            "attn_relative_drift": 0.0037319084429980197,
            "mlp_relative_drift": 0.0030387386564973023
        },
        "7": {
            "attn_relative_drift": 0.004677726671291236,
            "mlp_relative_drift": 0.0033660639917797485
        },
        "8": {
            "attn_relative_drift": 0.0051909793069257965,
            "mlp_relative_drift": 0.003355674683336025
        },
        "9": {
            "attn_relative_drift": 0.004680478243068488,
            "mlp_relative_drift": 0.003452967744838349
        },
        "10": {
            "attn_relative_drift": 0.0050240010472839425,
            "mlp_relative_drift": 0.003947096339013592
        },
        "11": {
            "attn_relative_drift": 0.005979617660102121,
            "mlp_relative_drift": 0.004702042865269964
        },
        "12": {
            "attn_relative_drift": 0.005751406979985216,
            "mlp_relative_drift": 0.00539115102808971
        },
        "13": {
            "attn_relative_drift": 0.004982694429689836,
            "mlp_relative_drift": 0.005485631016627445
        },
        "14": {
            "attn_relative_drift": 0.0054447174588507,
            "mlp_relative_drift": 0.005452110564040878
        },
        "15": {
            "attn_relative_drift": 0.005742612472403491,
            "mlp_relative_drift": 0.005426470653423196
        },
        "16": {
            "attn_relative_drift": 0.0051196099690232755,
            "mlp_relative_drift": 0.005192635663384002
        },
        "17": {
            "attn_relative_drift": 0.005437494801746991,
            "mlp_relative_drift": 0.005229376641351503
        },
        "18": {
            "attn_relative_drift": 0.0051417272846018,
            "mlp_relative_drift": 0.005529346278542382
        },
        "19": {
            "attn_relative_drift": 0.005387301756921449,
            "mlp_relative_drift": 0.005550003870641372
        },
        "20": {
            "attn_relative_drift": 0.005358621685758469,
            "mlp_relative_drift": 0.005611902703104462
        },
        "21": {
            "attn_relative_drift": 0.005245446394591185,
            "mlp_relative_drift": 0.005448664465035837
        },
        "22": {
            "attn_relative_drift": 0.004741639748032564,
            "mlp_relative_drift": 0.005337920847167029
        },
        "23": {
            "attn_relative_drift": 0.004178984241504222,
            "mlp_relative_drift": 0.005090959408903212
        },
        "24": {
            "attn_relative_drift": 0.004520046773107508,
            "mlp_relative_drift": 0.005037584301254261
        },
        "25": {
            "attn_relative_drift": 0.004220619295863459,
            "mlp_relative_drift": 0.005033509946018538
        },
        "26": {
            "attn_relative_drift": 0.004709643378946863,
            "mlp_relative_drift": 0.005151896744118988
        },
        "27": {
            "attn_relative_drift": 0.005490576866792727,
            "mlp_relative_drift": 0.005086256587802801
        },
        "28": {
            "attn_relative_drift": 0.0052789809426903814,
            "mlp_relative_drift": 0.004847990801227558
        },
        "29": {
            "attn_relative_drift": 0.00503526335041542,
            "mlp_relative_drift": 0.004631708828293018
        }
    }
}