{
    "generation": 2,
    "spectral_ratio": 56.16157139109299,
    "bulk_width_iqr": 46.45491378549683,
    "top_eigenvalues": [
        -2608.98095703125,
        -1719.6114501953125,
        -1286.04296875
    ],
    "plot_x": [
        -2612.03515625,
        -1721.310302734375,
        -1287.9195556640625,
        -967.5040283203125,
        -771.5170288085938,
        -694.3201293945312,
        -634.1356201171875,
        -494.7190246582031,
        -400.191650390625,
        -296.96783447265625,
        -195.7459716796875,
        -92.90937042236328,
        0.00014783255755901337,
        31.049161911010742,
        129.0413360595703,
        216.4150848388672,
        279.8293151855469,
        363.7486877441406,
        619.7247314453125,
        644.26171875
    ],
    "plot_y": [
        1.0110189217812309e-08,
        1.7910532101418767e-09,
        1.6088737148525922e-09,
        9.935639064191962e-10,
        2.333455671118003e-11,
        2.756412233443325e-09,
        3.908700064129894e-09,
        1.1732012796180788e-08,
        4.0315953591346745e-08,
        1.007044838462169e-07,
        1.8961761036644883e-07,
        4.727799064294204e-07,
        0.9999966707927367,
        2.3392567729893337e-06,
        1.1240322903122154e-07,
        2.788728205843451e-08,
        8.802000093900597e-09,
        4.118885712613799e-09,
        3.973447993930533e-11,
        3.5726508172346565e-10
    ]
}