{
  "blocks": {
    "0": {
      "attn_relative_drift": 0.0030291635629991643,
      "mlp_relative_drift": 0.0017792291036967168
    },
    "1": {
      "attn_relative_drift": 0.0018814116122391831,
      "mlp_relative_drift": 0.0019018260595735229
    },
    "2": {
      "attn_relative_drift": 0.0019046911478305464,
      "mlp_relative_drift": 0.001871746677799257
    },
    "3": {
      "attn_relative_drift": 0.001988920845324148,
      "mlp_relative_drift": 0.0019692875944412797
    },
    "4": {
      "attn_relative_drift": 0.0021131546463869816,
      "mlp_relative_drift": 0.002161801226943833
    },
    "5": {
      "attn_relative_drift": 0.0026980176069019233,
      "mlp_relative_drift": 0.002575025394484169
    },
    "6": {
      "attn_relative_drift": 0.002806603557452211,
      "mlp_relative_drift": 0.0024949629421118515
    },
    "7": {
      "attn_relative_drift": 0.003647312463287818,
      "mlp_relative_drift": 0.0027676224921283172
    },
    "8": {
      "attn_relative_drift": 0.004015593691466478,
      "mlp_relative_drift": 0.002835960862295957
    },
    "9": {
      "attn_relative_drift": 0.0036211212919042743,
      "mlp_relative_drift": 0.0029136243651180487
    },
    "10": {
      "attn_relative_drift": 0.004378436261827741,
      "mlp_relative_drift": 0.003636167431467095
    },
    "11": {
      "attn_relative_drift": 0.00570783092311165,
      "mlp_relative_drift": 0.004667556421476382
    },
    "12": {
      "attn_relative_drift": 0.005273261952745329,
      "mlp_relative_drift": 0.005080517199141548
    },
    "13": {
      "attn_relative_drift": 0.004276643663973701,
      "mlp_relative_drift": 0.005197217349871366
    },
    "14": {
      "attn_relative_drift": 0.0046534389349611885,
      "mlp_relative_drift": 0.00520686423895997
    },
    "15": {
      "attn_relative_drift": 0.005083252547951571,
      "mlp_relative_drift": 0.00536987581592377
    },
    "16": {
      "attn_relative_drift": 0.0052545814150062944,
      "mlp_relative_drift": 0.005258608782545754
    },
    "17": {
      "attn_relative_drift": 0.0050151742978334505,
      "mlp_relative_drift": 0.005193366281339263
    },
    "18": {
      "attn_relative_drift": 0.00507559625822837,
      "mlp_relative_drift": 0.005870589553927679
    },
    "19": {
      "attn_relative_drift": 0.0060718183763613905,
      "mlp_relative_drift": 0.0060310761735168725
    },
    "20": {
      "attn_relative_drift": 0.005093470161071827,
      "mlp_relative_drift": 0.006108546400092673
    },
    "21": {
      "attn_relative_drift": 0.005966347605674273,
      "mlp_relative_drift": 0.005554985563744767
    },
    "22": {
      "attn_relative_drift": 0.004993184884908302,
      "mlp_relative_drift": 0.005440853316563007
    },
    "23": {
      "attn_relative_drift": 0.003593884342818857,
      "mlp_relative_drift": 0.005258144586334271
    },
    "24": {
      "attn_relative_drift": 0.004266108583456525,
      "mlp_relative_drift": 0.005136400916241502
    },
    "25": {
      "attn_relative_drift": 0.003979770680583018,
      "mlp_relative_drift": 0.005015508331786662
    },
    "26": {
      "attn_relative_drift": 0.00420723530329262,
      "mlp_relative_drift": 0.005268420857959479
    },
    "27": {
      "attn_relative_drift": 0.006060126774463982,
      "mlp_relative_drift": 0.005059851501157232
    },
    "28": {
      "attn_relative_drift": 0.004959628368517383,
      "mlp_relative_drift": 0.004750824060655638
    },
    "29": {
      "attn_relative_drift": 0.005811923925540738,
      "mlp_relative_drift": 0.004806228026533977
    }
  }
}