{
    "generation": 2,
    "spectral_ratio": 713.8597410459469,
    "bulk_width_iqr": 0.8353881600216955,
    "top_eigenvalues": [
        596.3499755859375,
        303.1474304199219,
        159.05850219726562
    ],
    "plot_x": [
        -54.17252731323242,
        -23.66560935974121,
        -20.4371337890625,
        -18.761213302612305,
        -17.02634620666504,
        -11.40649127960205,
        -9.516470909118652,
        -5.772261142730713,
        -1.6706974506378174,
        3.20726067002397e-05,
        1.599208116531372,
        5.9734721183776855,
        10.143471717834473,
        14.528423309326172,
        19.282169342041016,
        26.10283088684082,
        28.176025390625,
        32.330162048339844,
        39.11996841430664,
        40.62648391723633,
        42.156341552734375,
        46.086246490478516,
        60.39242935180664,
        74.2154769897461,
        84.93444061279297,
        99.06523895263672,
        107.46184539794922,
        159.18148803710938,
        303.2469482421875,
        597.001220703125
    ],
    "plot_y": [
        2.2570523815078535e-09,
        1.6065437202615607e-08,
        3.5051962917702545e-10,
        2.0958788424854554e-09,
        1.6591599492961018e-08,
        1.7047899436480117e-08,
        3.979097369141866e-08,
        2.3473064991444672e-07,
        9.591214904210316e-06,
        0.9999719909850814,
        1.6524949623929486e-05,
        1.0577439476539492e-06,
        2.626714532857358e-07,
        8.811598592100161e-08,
        2.182923624702929e-08,
        2.3503053096066006e-08,
        3.3769656163966746e-08,
        3.886591532413774e-09,
        1.3322198336182249e-08,
        8.845509426017855e-09,
        1.3009346330714262e-08,
        6.267367849308564e-09,
        1.9517466461435835e-10,
        1.0381383711622734e-09,
        2.7243390934451853e-09,
        4.1316719078043134e-10,
        8.844418742782804e-09,
        1.527402572330534e-08,
        1.0997562007822605e-09,
        1.3670140054931026e-09
    ]
}