{
    "generation": 1,
    "spectral_ratio": 327.3527411575647,
    "bulk_width_iqr": 0.3659976477615161,
    "top_eigenvalues": [
        119.81033325195312,
        97.11204528808594,
        93.0631332397461
    ],
    "plot_x": [
        -25.764562606811523,
        -16.290319442749023,
        -12.280510902404785,
        -10.517536163330078,
        -6.934983253479004,
        -4.435091972351074,
        -0.7319144606590271,
        3.6415192880667746e-05,
        2.0060267448425293,
        6.116393089294434,
        10.199993133544922,
        14.916077613830566,
        19.421249389648438,
        24.10215950012207,
        28.45172119140625,
        33.87331008911133,
        37.95280838012695,
        43.163421630859375,
        52.36726379394531,
        56.449241638183594,
        58.67233657836914,
        67.22779846191406,
        68.59854125976562,
        71.50750732421875,
        74.55242156982422,
        83.32186126708984,
        85.46504974365234,
        92.71062469482422,
        97.92052459716797,
        120.16149139404297
    ],
    "plot_y": [
        5.041490484846699e-10,
        2.4373570342684956e-08,
        3.968104905040608e-09,
        2.7876955043399135e-09,
        2.907755273706235e-08,
        2.1978090205140983e-07,
        4.958282552463659e-05,
        0.9999393169991716,
        8.390656921313409e-06,
        1.2397518549126473e-06,
        3.915201683172444e-07,
        1.845828504148653e-07,
        1.5291728997039764e-07,
        1.767660854883071e-07,
        7.032369187191672e-08,
        4.031449870853023e-08,
        6.60406757979209e-08,
        1.0492515769105024e-08,
        7.889954371929211e-09,
        9.378438189051926e-09,
        4.1358111774264164e-09,
        1.3859772711074514e-09,
        9.231808832026744e-09,
        7.340154235120635e-09,
        1.2608241766150613e-09,
        1.546266743910969e-08,
        2.7419600945878014e-09,
        4.580668162051403e-09,
        1.4148239925192647e-08,
        1.8760272771957288e-08
    ]
}