{
    "generation": 3,
    "spectral_ratio": 3824.3767632653853,
    "bulk_width_iqr": 0.062390237624152356,
    "top_eigenvalues": [
        238.60377502441406,
        147.1478729248047,
        89.77506256103516
    ],
    "plot_x": [
        -8.89360523223877,
        -7.641037464141846,
        -4.039540767669678,
        -0.12454481422901154,
        0.0001234784722328186,
        2.787523031234741,
        6.734257698059082,
        10.951343536376953,
        15.718154907226562,
        20.7305850982666,
        25.90374183654785,
        31.025585174560547,
        34.618873596191406,
        40.59867858886719,
        46.446895599365234,
        57.98969650268555,
        81.73454284667969,
        89.83232116699219,
        147.22018432617188,
        238.76138305664062
    ],
    "plot_y": [
        1.106372095120444e-09,
        1.4565072145759547e-08,
        5.680706780852985e-08,
        0.0008950834548892417,
        0.9991009607325415,
        2.9736256850096525e-06,
        4.7509341788813894e-07,
        1.946392202698444e-07,
        4.595035807582983e-08,
        7.066880341048474e-08,
        1.4055761865003234e-08,
        5.896186297963617e-09,
        3.107544822620877e-08,
        2.7488164155643666e-09,
        2.7325861871389758e-08,
        1.7712920756658997e-08,
        7.691103758341326e-09,
        5.187365692703492e-09,
        9.405245332234632e-10,
        1.0722583151993235e-08
    ]
}