{
    "generation": 0,
    "spectral_ratio": 274.2555215910308,
    "bulk_width_iqr": 3.386955901682941,
    "top_eigenvalues": [
        928.891357421875,
        640.8427734375,
        299.3405456542969
    ],
    "plot_x": [
        -211.49586486816406,
        -25.216856002807617,
        -17.695667266845703,
        -6.773868083953857,
        -2.738233160926029e-05,
        4.188345909118652,
        15.130965232849121,
        32.927303314208984,
        46.13983917236328,
        70.10961151123047,
        79.49007415771484,
        97.36116027832031,
        121.84976196289062,
        143.92979431152344,
        170.50607299804688,
        210.7959442138672,
        227.37600708007812,
        299.8062438964844,
        641.0183715820312,
        930.0643920898438
    ],
    "plot_y": [
        1.605739354077321e-08,
        5.990578663877585e-09,
        1.3744601818725348e-08,
        5.45770884768919e-07,
        0.9999895035917652,
        9.039997112680596e-06,
        5.106829204452381e-07,
        1.8551406699591445e-07,
        6.100916713024549e-08,
        2.7762737720083888e-08,
        1.688519891561341e-08,
        2.888502752999566e-09,
        9.251684696207032e-09,
        1.03840241338552e-10,
        1.3093809513692511e-08,
        3.4920119919645104e-08,
        3.4417690713307e-09,
        1.735360178485204e-09,
        2.57054982312606e-13,
        7.558228664289937e-09
    ]
}