{
    "generation": 5,
    "spectral_ratio": 819459.9695428205,
    "bulk_width_iqr": 7.860036169421976,
    "top_eigenvalues": [
        -6440985.0,
        5609.2744140625,
        -2532.73291015625
    ],
    "plot_x": [
        -6441011.5,
        -2532.947998046875,
        -268.3273620605469,
        -248.6199493408203,
        -189.49290466308594,
        -160.99789428710938,
        -111.52660369873047,
        -64.37036895751953,
        -15.719797134399414,
        0.0,
        12.066913604736328,
        61.93254470825195,
        105.21288299560547,
        157.12960815429688,
        189.0655975341797,
        236.21624755859375,
        256.90435791015625,
        267.9770202636719,
        345.4539489746094,
        5612.041015625
    ],
    "plot_y": [
        3.4812389694111124e-09,
        5.801217607813311e-13,
        1.0948464891350792e-10,
        3.462046657937114e-10,
        1.783131011942664e-10,
        3.4233962522500454e-09,
        1.6940986237393525e-09,
        4.8895717889971604e-08,
        4.968166984070565e-06,
        0.9999824934365057,
        1.2255369343900733e-05,
        1.2847520347795124e-07,
        4.1855140681354446e-08,
        8.105318404187457e-09,
        1.402794369148493e-08,
        2.0251832936377332e-08,
        4.5847602424476035e-09,
        3.626155620135311e-09,
        3.0006811290168047e-09,
        9.71095966967213e-10
    ]
}