{
    "blocks": {
        "0": {
            "attn_relative_drift": 0.0036953528306063266,
            "mlp_relative_drift": 0.002923026880115024
        },
        "1": {
            "attn_relative_drift": 0.0028297514663806695,
            "mlp_relative_drift": 0.002871549766086286
        },
        "2": {
            "attn_relative_drift": 0.0024713650953559273,
            "mlp_relative_drift": 0.0026116805268789566
        },
        "3": {
            "attn_relative_drift": 0.002035453375937221,
            "mlp_relative_drift": 0.0026710337008513333
        },
        "4": {
            "attn_relative_drift": 0.002050557651849327,
            "mlp_relative_drift": 0.002867458450862167
        },
        "5": {
            "attn_relative_drift": 0.002194070205683757,
            "mlp_relative_drift": 0.00281782487421431
        },
        "6": {
            "attn_relative_drift": 0.0023002695509027594,
            "mlp_relative_drift": 0.003098931383900829
        },
        "7": {
            "attn_relative_drift": 0.002447990688065799,
            "mlp_relative_drift": 0.0029681961252832584
        },
        "8": {
            "attn_relative_drift": 0.0027417612610444032,
            "mlp_relative_drift": 0.0031980123477618775
        },
        "9": {
            "attn_relative_drift": 0.0024128042525143117,
            "mlp_relative_drift": 0.0032355239233398097
        },
        "10": {
            "attn_relative_drift": 0.0031786660587712063,
            "mlp_relative_drift": 0.003800148659828559
        },
        "11": {
            "attn_relative_drift": 0.0026834640489045835,
            "mlp_relative_drift": 0.002892980088691472
        },
        "12": {
            "attn_relative_drift": 0.0030089997569380978,
            "mlp_relative_drift": 0.004030364286227862
        },
        "13": {
            "attn_relative_drift": 0.0025393337025367093,
            "mlp_relative_drift": 0.004060493505271673
        },
        "14": {
            "attn_relative_drift": 0.0030079629118089143,
            "mlp_relative_drift": 0.0040399521965356604
        },
        "15": {
            "attn_relative_drift": 0.003059943494201734,
            "mlp_relative_drift": 0.004206635724799656
        },
        "16": {
            "attn_relative_drift": 0.0032964736371295265,
            "mlp_relative_drift": 0.004272062860522838
        },
        "17": {
            "attn_relative_drift": 0.003837018047870005,
            "mlp_relative_drift": 0.004526563218274731
        },
        "18": {
            "attn_relative_drift": 0.0038475065800811737,
            "mlp_relative_drift": 0.005261875484921747
        },
        "19": {
            "attn_relative_drift": 0.004089595728658199,
            "mlp_relative_drift": 0.0052613706003942695
        },
        "20": {
            "attn_relative_drift": 0.004825712041770059,
            "mlp_relative_drift": 0.0059971127529865114
        },
        "21": {
            "attn_relative_drift": 0.00469625630977611,
            "mlp_relative_drift": 0.005452730443439952
        },
        "22": {
            "attn_relative_drift": 0.004270478692947846,
            "mlp_relative_drift": 0.0055548633270177915
        },
        "23": {
            "attn_relative_drift": 0.0036944600902550275,
            "mlp_relative_drift": 0.005473880198506293
        },
        "24": {
            "attn_relative_drift": 0.004512290139360378,
            "mlp_relative_drift": 0.005031101078837616
        },
        "25": {
            "attn_relative_drift": 0.004107914387665176,
            "mlp_relative_drift": 0.005086279572781472
        },
        "26": {
            "attn_relative_drift": 0.004096108652351795,
            "mlp_relative_drift": 0.005316352181817712
        },
        "27": {
            "attn_relative_drift": 0.004246618542084062,
            "mlp_relative_drift": 0.004815895048911164
        },
        "28": {
            "attn_relative_drift": 0.0023844563409144647,
            "mlp_relative_drift": 0.0033692239158279
        },
        "29": {
            "attn_relative_drift": 0.002673511258288615,
            "mlp_relative_drift": 0.004480037788579927
        }
    }
}