{
    "blocks": {
        "0": {
            "attn_relative_drift": 0.004907279908661613,
            "mlp_relative_drift": 0.003787288725490366
        },
        "1": {
            "attn_relative_drift": 0.0036137754401842494,
            "mlp_relative_drift": 0.0031903895868332535
        },
        "2": {
            "attn_relative_drift": 0.0031368926922450023,
            "mlp_relative_drift": 0.0025055789981215364
        },
        "3": {
            "attn_relative_drift": 0.001960174463557637,
            "mlp_relative_drift": 0.0022454693244078126
        },
        "4": {
            "attn_relative_drift": 0.0017764975255448801,
            "mlp_relative_drift": 0.0023178983826991823
        },
        "5": {
            "attn_relative_drift": 0.002031489157770373,
            "mlp_relative_drift": 0.002259865096147948
        },
        "6": {
            "attn_relative_drift": 0.0018735598724245201,
            "mlp_relative_drift": 0.002471805014667495
        },
        "7": {
            "attn_relative_drift": 0.002212537125020889,
            "mlp_relative_drift": 0.0022755960849059178
        },
        "8": {
            "attn_relative_drift": 0.002466013440030243,
            "mlp_relative_drift": 0.002589353886474723
        },
        "9": {
            "attn_relative_drift": 0.0022831210791685926,
            "mlp_relative_drift": 0.002721112708355336
        },
        "10": {
            "attn_relative_drift": 0.0026417859901925094,
            "mlp_relative_drift": 0.0031636768730760635
        },
        "11": {
            "attn_relative_drift": 0.001970825201690845,
            "mlp_relative_drift": 0.001964894763402633
        },
        "12": {
            "attn_relative_drift": 0.0022057522288569825,
            "mlp_relative_drift": 0.003122685699159652
        },
        "13": {
            "attn_relative_drift": 0.0019026851857581227,
            "mlp_relative_drift": 0.003359925674226572
        },
        "14": {
            "attn_relative_drift": 0.002546475146209466,
            "mlp_relative_drift": 0.003404187309187826
        },
        "15": {
            "attn_relative_drift": 0.0023110987534251393,
            "mlp_relative_drift": 0.00341687488250907
        },
        "16": {
            "attn_relative_drift": 0.002557902106873557,
            "mlp_relative_drift": 0.003566207732336642
        },
        "17": {
            "attn_relative_drift": 0.0033864292271323384,
            "mlp_relative_drift": 0.003969769453848351
        },
        "18": {
            "attn_relative_drift": 0.003397672796710089,
            "mlp_relative_drift": 0.004673405881244848
        },
        "19": {
            "attn_relative_drift": 0.003120465046398773,
            "mlp_relative_drift": 0.0041544389056242656
        },
        "20": {
            "attn_relative_drift": 0.004074640964372051,
            "mlp_relative_drift": 0.005758492637439838
        },
        "21": {
            "attn_relative_drift": 0.0036995486891088455,
            "mlp_relative_drift": 0.004996993028114988
        },
        "22": {
            "attn_relative_drift": 0.0033768716256182964,
            "mlp_relative_drift": 0.005380047968189731
        },
        "23": {
            "attn_relative_drift": 0.0032625626507930376,
            "mlp_relative_drift": 0.005513210967132981
        },
        "24": {
            "attn_relative_drift": 0.003570390088940017,
            "mlp_relative_drift": 0.004667398058418986
        },
        "25": {
            "attn_relative_drift": 0.003418578239721956,
            "mlp_relative_drift": 0.005293026432135761
        },
        "26": {
            "attn_relative_drift": 0.0034149681858110657,
            "mlp_relative_drift": 0.005587670003892947
        },
        "27": {
            "attn_relative_drift": 0.002716053684243742,
            "mlp_relative_drift": 0.0037960999990472436
        },
        "28": {
            "attn_relative_drift": 0.0011758575845369195,
            "mlp_relative_drift": 0.0020872555156100244
        },
        "29": {
            "attn_relative_drift": 0.0013085306825981412,
            "mlp_relative_drift": 0.003513730766331435
        }
    }
}