{
    "blocks": {
        "0": {
            "attn_relative_drift": 0.001951365600990049,
            "mlp_relative_drift": 0.0018981564365861529
        },
        "1": {
            "attn_relative_drift": 0.0018096334717474585,
            "mlp_relative_drift": 0.0019242173276494791
        },
        "2": {
            "attn_relative_drift": 0.0016809168462703719,
            "mlp_relative_drift": 0.0017609144925204807
        },
        "3": {
            "attn_relative_drift": 0.0015262189426229083,
            "mlp_relative_drift": 0.001894847526757071
        },
        "4": {
            "attn_relative_drift": 0.0015136051345118519,
            "mlp_relative_drift": 0.001900862554096844
        },
        "5": {
            "attn_relative_drift": 0.0014843533923023485,
            "mlp_relative_drift": 0.0018623788819923494
        },
        "6": {
            "attn_relative_drift": 0.0013347735437257266,
            "mlp_relative_drift": 0.001977634028901995
        },
        "7": {
            "attn_relative_drift": 0.001507064099665939,
            "mlp_relative_drift": 0.0018214160480970049
        },
        "8": {
            "attn_relative_drift": 0.001504429669878625,
            "mlp_relative_drift": 0.001929724545296729
        },
        "9": {
            "attn_relative_drift": 0.0013534696677385443,
            "mlp_relative_drift": 0.0019648918633328465
        },
        "10": {
            "attn_relative_drift": 0.0016057769979393186,
            "mlp_relative_drift": 0.002133798023097719
        },
        "11": {
            "attn_relative_drift": 0.0012989585197257147,
            "mlp_relative_drift": 0.0012421376449478678
        },
        "12": {
            "attn_relative_drift": 0.0012579277522708845,
            "mlp_relative_drift": 0.0019423798637789379
        },
        "13": {
            "attn_relative_drift": 0.0009846136617729076,
            "mlp_relative_drift": 0.0019578821318089823
        },
        "14": {
            "attn_relative_drift": 0.0011679883729914782,
            "mlp_relative_drift": 0.001883897577149937
        },
        "15": {
            "attn_relative_drift": 0.0012493517125687934,
            "mlp_relative_drift": 0.001889063895558309
        },
        "16": {
            "attn_relative_drift": 0.0013408040582014562,
            "mlp_relative_drift": 0.0018522297264838119
        },
        "17": {
            "attn_relative_drift": 0.0014829216219386457,
            "mlp_relative_drift": 0.002094397031675564
        },
        "18": {
            "attn_relative_drift": 0.001452936727520133,
            "mlp_relative_drift": 0.002613838029464621
        },
        "19": {
            "attn_relative_drift": 0.0015867670983134561,
            "mlp_relative_drift": 0.0022575315608140425
        },
        "20": {
            "attn_relative_drift": 0.0017702878588032479,
            "mlp_relative_drift": 0.0035663077327354287
        },
        "21": {
            "attn_relative_drift": 0.0022183503353876816,
            "mlp_relative_drift": 0.003055524546000379
        },
        "22": {
            "attn_relative_drift": 0.0019711874768266664,
            "mlp_relative_drift": 0.003360746744863725
        },
        "23": {
            "attn_relative_drift": 0.0016863430236153895,
            "mlp_relative_drift": 0.0034671263115402503
        },
        "24": {
            "attn_relative_drift": 0.0023274454566367567,
            "mlp_relative_drift": 0.002882847598470744
        },
        "25": {
            "attn_relative_drift": 0.0020114225353336053,
            "mlp_relative_drift": 0.0032288541364468943
        },
        "26": {
            "attn_relative_drift": 0.0018430262201272845,
            "mlp_relative_drift": 0.003458404928229709
        },
        "27": {
            "attn_relative_drift": 0.0017900657713745274,
            "mlp_relative_drift": 0.0024916313232163203
        },
        "28": {
            "attn_relative_drift": 0.0007912946073845362,
            "mlp_relative_drift": 0.0013210827887114316
        },
        "29": {
            "attn_relative_drift": 0.0008983470809029091,
            "mlp_relative_drift": 0.002231218215992293
        }
    }
}