{
    "blocks": {
        "0": {
            "attn_relative_drift": 0.0037368944438992214,
            "mlp_relative_drift": 0.003026968056947997
        },
        "1": {
            "attn_relative_drift": 0.002844116510305632,
            "mlp_relative_drift": 0.002839802538458334
        },
        "2": {
            "attn_relative_drift": 0.002422352977738255,
            "mlp_relative_drift": 0.002509755860205707
        },
        "3": {
            "attn_relative_drift": 0.0018274892175428408,
            "mlp_relative_drift": 0.002534433749993046
        },
        "4": {
            "attn_relative_drift": 0.0018732750532799995,
            "mlp_relative_drift": 0.002742512201202657
        },
        "5": {
            "attn_relative_drift": 0.002034532995928008,
            "mlp_relative_drift": 0.0026876801003469556
        },
        "6": {
            "attn_relative_drift": 0.002054069360582181,
            "mlp_relative_drift": 0.003019937401618985
        },
        "7": {
            "attn_relative_drift": 0.0022245518996511916,
            "mlp_relative_drift": 0.002827450918233202
        },
        "8": {
            "attn_relative_drift": 0.002490082555953212,
            "mlp_relative_drift": 0.0031599222541129285
        },
        "9": {
            "attn_relative_drift": 0.0021732586815022452,
            "mlp_relative_drift": 0.0032092625792671738
        },
        "10": {
            "attn_relative_drift": 0.002808211912504179,
            "mlp_relative_drift": 0.003728925701233623
        },
        "11": {
            "attn_relative_drift": 0.0022941067962634265,
            "mlp_relative_drift": 0.0025238607327279436
        },
        "12": {
            "attn_relative_drift": 0.002970141811942245,
            "mlp_relative_drift": 0.004062097113548407
        },
        "13": {
            "attn_relative_drift": 0.002546885805721423,
            "mlp_relative_drift": 0.004170351535274064
        },
        "14": {
            "attn_relative_drift": 0.003192770463871635,
            "mlp_relative_drift": 0.004183080064523272
        },
        "15": {
            "attn_relative_drift": 0.0031086827509709605,
            "mlp_relative_drift": 0.004328698194229052
        },
        "16": {
            "attn_relative_drift": 0.0033866615614486653,
            "mlp_relative_drift": 0.004437357964772684
        },
        "17": {
            "attn_relative_drift": 0.004159991285895845,
            "mlp_relative_drift": 0.0047664226725100955
        },
        "18": {
            "attn_relative_drift": 0.004183827938675126,
            "mlp_relative_drift": 0.005486279650322814
        },
        "19": {
            "attn_relative_drift": 0.004170634098309359,
            "mlp_relative_drift": 0.005379698831146146
        },
        "20": {
            "attn_relative_drift": 0.005188927168886377,
            "mlp_relative_drift": 0.0063261219099576245
        },
        "21": {
            "attn_relative_drift": 0.004747903781444214,
            "mlp_relative_drift": 0.005712648124515912
        },
        "22": {
            "attn_relative_drift": 0.004361820018353537,
            "mlp_relative_drift": 0.005867089803793661
        },
        "23": {
            "attn_relative_drift": 0.003946131278890518,
            "mlp_relative_drift": 0.005825292806906045
        },
        "24": {
            "attn_relative_drift": 0.004571265665565263,
            "mlp_relative_drift": 0.005273926549858379
        },
        "25": {
            "attn_relative_drift": 0.004249975758428202,
            "mlp_relative_drift": 0.005467154613256474
        },
        "26": {
            "attn_relative_drift": 0.004253017226876602,
            "mlp_relative_drift": 0.0057202945839387835
        },
        "27": {
            "attn_relative_drift": 0.004012817587718288,
            "mlp_relative_drift": 0.00489196358338897
        },
        "28": {
            "attn_relative_drift": 0.0020775627154412304,
            "mlp_relative_drift": 0.0031501199977926
        },
        "29": {
            "attn_relative_drift": 0.002286582021030384,
            "mlp_relative_drift": 0.004442806390135328
        }
    }
}