{
    "blocks": {
        "0": {
            "attn_relative_drift": 0.024133665434336028,
            "mlp_relative_drift": 0.02765380553660325
        },
        "1": {
            "attn_relative_drift": 0.028120581955027233,
            "mlp_relative_drift": 0.024598617112840705
        },
        "2": {
            "attn_relative_drift": 0.030473980963834607,
            "mlp_relative_drift": 0.02538530732438512
        },
        "3": {
            "attn_relative_drift": 0.029909726548294987,
            "mlp_relative_drift": 0.02408777993574092
        },
        "4": {
            "attn_relative_drift": 0.028333041270797936,
            "mlp_relative_drift": 0.025121793385010967
        },
        "5": {
            "attn_relative_drift": 0.035964676988736836,
            "mlp_relative_drift": 0.02476507983494283
        },
        "6": {
            "attn_relative_drift": 0.029564809152269198,
            "mlp_relative_drift": 0.02436368897863255
        },
        "7": {
            "attn_relative_drift": 0.03252611650362033,
            "mlp_relative_drift": 0.02567547154005639
        },
        "8": {
            "attn_relative_drift": 0.03125985318578782,
            "mlp_relative_drift": 0.02449428820436439
        },
        "9": {
            "attn_relative_drift": 0.027191248091751514,
            "mlp_relative_drift": 0.026662684224880294
        },
        "10": {
            "attn_relative_drift": 0.033416074561218916,
            "mlp_relative_drift": 0.024850383297914343
        },
        "11": {
            "attn_relative_drift": 0.03257535022373255,
            "mlp_relative_drift": 0.02562985182506986
        },
        "12": {
            "attn_relative_drift": 0.03070263442629829,
            "mlp_relative_drift": 0.025398447735531147
        },
        "13": {
            "attn_relative_drift": 0.030675433772038876,
            "mlp_relative_drift": 0.024469942092833517
        },
        "14": {
            "attn_relative_drift": 0.02761282584507053,
            "mlp_relative_drift": 0.0247896874374091
        },
        "15": {
            "attn_relative_drift": 0.03003679287355067,
            "mlp_relative_drift": 0.024652454552840132
        },
        "16": {
            "attn_relative_drift": 0.030790082291484024,
            "mlp_relative_drift": 0.024458117966988484
        },
        "17": {
            "attn_relative_drift": 0.032383680211927085,
            "mlp_relative_drift": 0.02482430914782202
        },
        "18": {
            "attn_relative_drift": 0.030016132617931575,
            "mlp_relative_drift": 0.025525307129535796
        },
        "19": {
            "attn_relative_drift": 0.03219176791447196,
            "mlp_relative_drift": 0.02559163559242434
        },
        "20": {
            "attn_relative_drift": 0.03239798960848209,
            "mlp_relative_drift": 0.02569224097978449
        },
        "21": {
            "attn_relative_drift": 0.03170828139093678,
            "mlp_relative_drift": 0.0255562137938955
        },
        "22": {
            "attn_relative_drift": 0.031001777357834742,
            "mlp_relative_drift": 0.026001524436013508
        },
        "23": {
            "attn_relative_drift": 0.033139943550684364,
            "mlp_relative_drift": 0.02533315996215424
        },
        "24": {
            "attn_relative_drift": 0.031778316645892625,
            "mlp_relative_drift": 0.025009079847982275
        },
        "25": {
            "attn_relative_drift": 0.02707386494530543,
            "mlp_relative_drift": 0.024380141006432897
        },
        "26": {
            "attn_relative_drift": 0.029573780517253078,
            "mlp_relative_drift": 0.02378866469623498
        },
        "27": {
            "attn_relative_drift": 0.029465127179903912,
            "mlp_relative_drift": 0.0232413426237525
        },
        "28": {
            "attn_relative_drift": 0.02986481352875579,
            "mlp_relative_drift": 0.023104801479113875
        },
        "29": {
            "attn_relative_drift": 0.032570067276083865,
            "mlp_relative_drift": 0.02308425709840645
        },
        "30": {
            "attn_relative_drift": 0.031454406891192804,
            "mlp_relative_drift": 0.022497447082256226
        },
        "31": {
            "attn_relative_drift": 0.030904666619725563,
            "mlp_relative_drift": 0.02159688312806495
        }
    }
}