{
    "blocks": {
        "0": {
            "attn_relative_drift": 0.003259549473163132,
            "mlp_relative_drift": 0.0022471199768101
        },
        "1": {
            "attn_relative_drift": 0.002387717895692298,
            "mlp_relative_drift": 0.002488200752504239
        },
        "2": {
            "attn_relative_drift": 0.0024341461064707236,
            "mlp_relative_drift": 0.002405661793497201
        },
        "3": {
            "attn_relative_drift": 0.0023393757410486156,
            "mlp_relative_drift": 0.0025534344136126726
        },
        "4": {
            "attn_relative_drift": 0.0025658719803460283,
            "mlp_relative_drift": 0.0026346424547077823
        },
        "5": {
            "attn_relative_drift": 0.003267133283344447,
            "mlp_relative_drift": 0.0030630962089708254
        },
        "6": {
            "attn_relative_drift": 0.003471371820807288,
            "mlp_relative_drift": 0.003079732880978079
        },
        "7": {
            "attn_relative_drift": 0.003989543762933139,
            "mlp_relative_drift": 0.0032867150434896003
        },
        "8": {
            "attn_relative_drift": 0.004220106507655473,
            "mlp_relative_drift": 0.0033576315298567273
        },
        "9": {
            "attn_relative_drift": 0.003829207676912965,
            "mlp_relative_drift": 0.0035055721270223065
        },
        "10": {
            "attn_relative_drift": 0.004533052380756486,
            "mlp_relative_drift": 0.004326801304875887
        },
        "11": {
            "attn_relative_drift": 0.006071355208067531,
            "mlp_relative_drift": 0.005470429240007466
        },
        "12": {
            "attn_relative_drift": 0.005437691080001451,
            "mlp_relative_drift": 0.0055561580131937025
        },
        "13": {
            "attn_relative_drift": 0.004588384115568323,
            "mlp_relative_drift": 0.0054917973147845765
        },
        "14": {
            "attn_relative_drift": 0.004981127569560345,
            "mlp_relative_drift": 0.005559798999025017
        },
        "15": {
            "attn_relative_drift": 0.00542227836729628,
            "mlp_relative_drift": 0.00590249126466698
        },
        "16": {
            "attn_relative_drift": 0.005664811668220981,
            "mlp_relative_drift": 0.005980663210420335
        },
        "17": {
            "attn_relative_drift": 0.005893895214896579,
            "mlp_relative_drift": 0.006040151664973611
        },
        "18": {
            "attn_relative_drift": 0.006034336164391475,
            "mlp_relative_drift": 0.006947882849005698
        },
        "19": {
            "attn_relative_drift": 0.007219297067043187,
            "mlp_relative_drift": 0.007405756651887857
        },
        "20": {
            "attn_relative_drift": 0.0,
            "mlp_relative_drift": 0.0
        },
        "21": {
            "attn_relative_drift": 0.0,
            "mlp_relative_drift": 0.0
        },
        "22": {
            "attn_relative_drift": 0.0,
            "mlp_relative_drift": 0.0
        },
        "23": {
            "attn_relative_drift": 0.0,
            "mlp_relative_drift": 0.0
        },
        "24": {
            "attn_relative_drift": 0.0,
            "mlp_relative_drift": 0.0
        },
        "25": {
            "attn_relative_drift": 0.0,
            "mlp_relative_drift": 0.0
        },
        "26": {
            "attn_relative_drift": 0.0,
            "mlp_relative_drift": 0.0
        },
        "27": {
            "attn_relative_drift": 0.0,
            "mlp_relative_drift": 0.0
        },
        "28": {
            "attn_relative_drift": 0.0,
            "mlp_relative_drift": 0.0
        },
        "29": {
            "attn_relative_drift": 0.0,
            "mlp_relative_drift": 0.0
        }
    }
}