{
    "blocks": {
        "0": {
            "attn_relative_drift": 0.0021200277536751943,
            "mlp_relative_drift": 0.0019432315817415548
        },
        "1": {
            "attn_relative_drift": 0.002127221156178651,
            "mlp_relative_drift": 0.0023535255346541707
        },
        "2": {
            "attn_relative_drift": 0.0023121710004054045,
            "mlp_relative_drift": 0.0022335062489456554
        },
        "3": {
            "attn_relative_drift": 0.0022490780394282426,
            "mlp_relative_drift": 0.0023878249117761305
        },
        "4": {
            "attn_relative_drift": 0.002441272372154858,
            "mlp_relative_drift": 0.0024223365829421904
        },
        "5": {
            "attn_relative_drift": 0.003064699615256808,
            "mlp_relative_drift": 0.002827705676059055
        },
        "6": {
            "attn_relative_drift": 0.0031984149906716945,
            "mlp_relative_drift": 0.0028153864361263386
        },
        "7": {
            "attn_relative_drift": 0.003836637919336847,
            "mlp_relative_drift": 0.003064084328458303
        },
        "8": {
            "attn_relative_drift": 0.004083497662485856,
            "mlp_relative_drift": 0.0031013675565226403
        },
        "9": {
            "attn_relative_drift": 0.0037155180241332827,
            "mlp_relative_drift": 0.0032577304655262377
        },
        "10": {
            "attn_relative_drift": 0.004433935527677506,
            "mlp_relative_drift": 0.004086861449728695
        },
        "11": {
            "attn_relative_drift": 0.005992674766610173,
            "mlp_relative_drift": 0.005433643496316986
        },
        "12": {
            "attn_relative_drift": 0.005834480760374777,
            "mlp_relative_drift": 0.005894700427727093
        },
        "13": {
            "attn_relative_drift": 0.005118090137535116,
            "mlp_relative_drift": 0.0058877213499488115
        },
        "14": {
            "attn_relative_drift": 0.005485006870022796,
            "mlp_relative_drift": 0.0059892156310168004
        },
        "15": {
            "attn_relative_drift": 0.005864453004834072,
            "mlp_relative_drift": 0.006267063849127529
        },
        "16": {
            "attn_relative_drift": 0.005976415409214971,
            "mlp_relative_drift": 0.006406562788643239
        },
        "17": {
            "attn_relative_drift": 0.006465137060761187,
            "mlp_relative_drift": 0.006446833884244379
        },
        "18": {
            "attn_relative_drift": 0.006651820365936389,
            "mlp_relative_drift": 0.007287367621185616
        },
        "19": {
            "attn_relative_drift": 0.0076862453736715,
            "mlp_relative_drift": 0.007734220876197075
        },
        "20": {
            "attn_relative_drift": 0.0,
            "mlp_relative_drift": 0.0
        },
        "21": {
            "attn_relative_drift": 0.0,
            "mlp_relative_drift": 0.0
        },
        "22": {
            "attn_relative_drift": 0.0,
            "mlp_relative_drift": 0.0
        },
        "23": {
            "attn_relative_drift": 0.0,
            "mlp_relative_drift": 0.0
        },
        "24": {
            "attn_relative_drift": 0.0,
            "mlp_relative_drift": 0.0
        },
        "25": {
            "attn_relative_drift": 0.0,
            "mlp_relative_drift": 0.0
        },
        "26": {
            "attn_relative_drift": 0.0,
            "mlp_relative_drift": 0.0
        },
        "27": {
            "attn_relative_drift": 0.0,
            "mlp_relative_drift": 0.0
        },
        "28": {
            "attn_relative_drift": 0.0,
            "mlp_relative_drift": 0.0
        },
        "29": {
            "attn_relative_drift": 0.0,
            "mlp_relative_drift": 0.0
        }
    }
}