{
    "generation": 4,
    "spectral_ratio": 1080.025314347647,
    "bulk_width_iqr": 0.4997244228312051,
    "top_eigenvalues": [
        539.7150268554688,
        190.15003967285156,
        20.51639747619629
    ],
    "plot_x": [
        -114.82698822021484,
        -48.557151794433594,
        -31.008398056030273,
        -29.321002960205078,
        -27.45604133605957,
        -24.163785934448242,
        -19.9844970703125,
        -15.650508880615234,
        -11.153511047363281,
        -6.130028247833252,
        -0.9993361234664917,
        3.634968015830964e-05,
        3.2711310386657715,
        8.853221893310547,
        14.508048057556152,
        19.920406341552734,
        25.428232192993164,
        30.553861618041992,
        35.162513732910156,
        42.83042526245117,
        45.35516357421875,
        47.70684051513672,
        50.90322494506836,
        70.2497787475586,
        79.97061157226562,
        91.03723907470703,
        106.31208801269531,
        113.42955017089844,
        190.28851318359375,
        540.261962890625
    ],
    "plot_y": [
        1.1831891370791463e-08,
        5.408984162760127e-09,
        3.677347981927025e-10,
        5.818224310652007e-09,
        8.805317189548097e-09,
        1.2694777029487004e-08,
        3.42399738314092e-08,
        4.2482726871424217e-08,
        1.1088939627074806e-07,
        6.977579982075681e-07,
        6.868494427640721e-05,
        0.9999235853679843,
        5.829466978313037e-06,
        5.402977679286179e-07,
        1.8537595885790465e-07,
        6.933195224900749e-08,
        1.776593413339355e-08,
        3.555860243399337e-08,
        3.0886753868088324e-09,
        4.100394639642149e-09,
        3.22333232281163e-08,
        8.252688091596358e-10,
        5.224466628241254e-08,
        2.14542557804161e-09,
        1.0025078223276262e-08,
        1.1760780928513148e-09,
        3.1139391748187563e-09,
        1.15283368925715e-08,
        6.618123305515664e-11,
        1.0461539260089661e-09
    ]
}