{
    "generation": 1,
    "spectral_ratio": 156.32946484245542,
    "bulk_width_iqr": 1.6234905442474106,
    "top_eigenvalues": [
        253.79940795898438,
        158.83132934570312,
        95.997314453125
    ],
    "plot_x": [
        -13.584982872009277,
        -7.799886703491211,
        -3.243668794631958,
        -0.00010564746480667964,
        0.12298993766307831,
        3.1223039627075195,
        7.88638973236084,
        11.755577087402344,
        19.519908905029297,
        25.026325225830078,
        29.941246032714844,
        36.218055725097656,
        40.88810729980469,
        46.297332763671875,
        47.806217193603516,
        59.035682678222656,
        84.27014923095703,
        96.32714080810547,
        158.91622924804688,
        253.91351318359375
    ],
    "plot_y": [
        7.744232120650637e-10,
        1.98691646004427e-09,
        9.397979524260123e-08,
        0.9989473479412059,
        0.0010496939335514223,
        2.0297316560852974e-06,
        3.6909993163048903e-07,
        1.9673750776980086e-07,
        1.0836107400112928e-07,
        3.467525022620399e-08,
        4.087258636258409e-09,
        7.651848239960544e-09,
        2.1637570511900156e-08,
        1.0790405290178887e-08,
        1.8071063997074633e-09,
        4.571121909214788e-08,
        7.714589165134299e-09,
        2.485356706335845e-10,
        1.960864942877771e-08,
        3.5215056217717866e-09
    ]
}