{
    "generation": 3,
    "spectral_ratio": 149.5982222846621,
    "bulk_width_iqr": 1.8791693347182616,
    "top_eigenvalues": [
        281.1203918457031,
        158.54928588867188,
        102.47071838378906
    ],
    "plot_x": [
        -10.260391235351562,
        -7.259796142578125,
        -3.757221221923828,
        -5.366049299482256e-05,
        0.23753689229488373,
        3.5738272666931152,
        7.9504780769348145,
        13.163692474365234,
        18.947969436645508,
        24.15123748779297,
        28.56464385986328,
        33.14858627319336,
        42.25994110107422,
        46.27497863769531,
        57.82247543334961,
        60.37635803222656,
        85.0616683959961,
        102.70359802246094,
        158.72335815429688,
        281.3519592285156
    ],
    "plot_y": [
        1.1731343131451216e-08,
        2.216139117752541e-08,
        7.569401896020128e-08,
        0.9996883974253802,
        0.00030865156765436005,
        1.9189772248671014e-06,
        4.2786758053362614e-07,
        1.567946429187612e-07,
        5.7935949980308874e-08,
        2.3001622182248567e-08,
        9.756347832260047e-09,
        6.594401538645983e-08,
        1.4939242888805188e-08,
        2.333987694334116e-09,
        1.2958242615255304e-08,
        4.9558395242251406e-08,
        2.0418209560134275e-09,
        8.978139570686292e-08,
        9.21202945838204e-09,
        3.177139973421525e-10
    ]
}