{
    "generation": 3,
    "spectral_ratio": 354.3561009253198,
    "bulk_width_iqr": 1.672021523786035,
    "top_eigenvalues": [
        592.4910278320312,
        255.3023681640625,
        178.03575134277344
    ],
    "plot_x": [
        -87.3443603515625,
        -28.290048599243164,
        -26.447803497314453,
        -22.960735321044922,
        -18.654260635375977,
        -15.780216217041016,
        -12.62077808380127,
        -7.687400817871094,
        -3.3437211513519287,
        -7.790383097017184e-05,
        0.7548862099647522,
        5.293633460998535,
        10.137598037719727,
        15.586302757263184,
        22.84027671813965,
        26.95841407775879,
        31.54490852355957,
        37.540523529052734,
        42.53396987915039,
        44.67364501953125,
        48.78899002075195,
        50.37860107421875,
        66.92738342285156,
        87.42515563964844,
        89.7418441772461,
        101.4704360961914,
        107.61714172363281,
        178.216796875,
        255.40362548828125,
        593.0493774414062
    ],
    "plot_y": [
        1.1743897027619577e-08,
        1.881353535906136e-09,
        1.1120053007618327e-08,
        1.2689347981310753e-12,
        3.4149195329262898e-09,
        1.9519454161589988e-08,
        4.711997393147628e-08,
        1.5296657573112884e-07,
        2.8709338571040108e-06,
        0.9998804441074995,
        0.00011396897247484302,
        1.7611824118670028e-06,
        3.015927305762154e-07,
        1.5027508277184603e-07,
        5.857728956484591e-08,
        3.867094314913841e-08,
        4.7759686145406994e-08,
        1.0952502607762499e-08,
        1.878169416616024e-08,
        2.24560594691938e-08,
        2.3966317446556836e-09,
        1.1899252739092355e-08,
        7.220767202272539e-09,
        1.7663538719005545e-09,
        3.7853829860587093e-10,
        4.2323096000477016e-09,
        2.0394117963819688e-08,
        1.3806758408181214e-10,
        6.831352077626835e-09,
        2.712881181493477e-09
    ]
}