{
    "generation": 3,
    "spectral_ratio": 36.47111971626233,
    "bulk_width_iqr": 21.706941239967286,
    "top_eigenvalues": [
        -791.6764526367188,
        456.5210266113281,
        -386.0723571777344
    ],
    "plot_x": [
        -792.28857421875,
        -437.5083312988281,
        -386.2154541015625,
        -275.15679931640625,
        -249.30081176757812,
        -203.5214385986328,
        -173.9278564453125,
        -128.5098114013672,
        -87.18985748291016,
        -43.41012954711914,
        -0.0002734866284299642,
        3.923387289047241,
        50.23860549926758,
        86.97810363769531,
        129.0121612548828,
        186.10845947265625,
        205.23199462890625,
        242.87908935546875,
        262.9189758300781,
        460.990234375
    ],
    "plot_y": [
        1.9560184580266856e-09,
        9.737084470611851e-10,
        5.600981899672518e-09,
        1.0730406783756983e-08,
        3.72886876876409e-09,
        2.1055182039207623e-09,
        1.152962436464347e-08,
        2.841654555687443e-08,
        1.5566098452356443e-07,
        5.279599121552146e-07,
        0.999907255025032,
        9.160079933746883e-05,
        3.079369718761772e-07,
        7.60930021102847e-08,
        6.737034040753167e-09,
        2.956093813740404e-09,
        7.608182971394493e-10,
        8.057124966018878e-10,
        1.7867832211163337e-10,
        4.4750390886301304e-11
    ]
}